{"epoch": 30, "train_loss": 0.20220599333859152, "val_loss": 3.4389002190695868, "val_score": 0.011107451511852657, "_timestamp": 1683865547.2396665, "_runtime": 2830.6265614032745, "_step": 44}