{"epoch": 2, "train_loss": 1.7091967066129048, "val_loss": 2.922072105937534, "val_score": 0.009639953384612846, "_timestamp": 1683866486.703388, "_runtime": 457.1488139629364, "_step": 3, "_wandb": {"runtime": 234}}