{"epoch": 30, "train_loss": 0.9463016643292375, "val_loss": 1.6857881844043732, "val_score": 0.3833240245181231, "_timestamp": 1683869135.6899052, "_runtime": 2634.427791118622, "_step": 31, "_wandb": {"runtime": 5987}}