{"epoch": 3, "train_loss": 0.03857382974619496, "val_loss": 1.6339630620046095, "val_score": 0.1766902885582818, "_timestamp": 1683883107.235523, "_runtime": 415.8598680496216, "_step": 5}