{"epoch": 3, "train_loss": 0.017160661848821392, "val_loss": 1.8878348999553256, "val_score": 0.23317721771337283, "_timestamp": 1683882589.540586, "_runtime": 1471.4793610572815, "_step": 23}