{"epoch": 22, "train_loss": 0.9284647285110421, "val_loss": 1.742318934864468, "val_score": 0.3759977710472348, "_timestamp": 1683873814.5853088, "_runtime": 1319.336059808731, "_step": 21}